Workbook

Sheet CRITERIOS MTGE
B2: CRITERIOS MTGE
B6: NÚMERO DE TITULARES | C6: Puntos | E6: VOLÚMEN DE DATOS TRATADOS | F6: Puntos | H6: CATEGORÍAS DE DATOS PERSONALES TRATADOS | I6: Puntos | K6: FRECUENCIA DEL TRATAMIENTO | L6: Puntos | N6: PERMANENCIA DEL TRATAMIENTO | O6: Puntos | Q6: ALCANCE GEOGRÁFICO DEL TRATAMIENTO | R6: Puntos | T6: MTGE | U6: SECTOR ECONÓMICO | V6: BASE LICITUD
B7: DE 0 A 1.000 | C7: 1 | E7: HASTA 10 TIPOS DE DATOS POR TITULAR | F7: 0.5 | H7: BÁSICOS | I7: 0.5 | K7: TRATAMIENTO PUNTUAL | L7: 0.5 | N7: OCASIONAL | O7: 0.5 | Q7: ALCANCE LOCAL | R7: 1 | T7: =SUM(R7,O7,L7,I7,F7,C7) -> 4
B8: DE 1.001 A 10.000 | C8: 2 | E8: ENTRE 11 Y 30 TIPOS DE DATOS | F8: 1 | H8: ESPECIALES | I8: 2 | K8: PERIÓDICA RECURRENTE | L8: 1 | N8: TEMPORAL | O8: 1 | Q8: NACIONAL | R8: 2 | T8: =SUM(R7,O9,L7,I8,F8,C7) -> 7.5 | U8: CONTRATO MANUFACTURA | V8: 7.5
B9: DE 10.001 A 100.000 | C9: 3 | E9: ENTRE 31 Y 100 TIPOS DE DATOS | F9: 2 | H9: ESPECIAL GRUPOS VULNERABLES | I9: 3 | K9: CONTINUA EN TIEMPO REAL | L9: 2 | N9: PROLONGADA | O9: 2 | Q9: GLOBAL | R9: 3 | T9: =SUM(R8,O8,L7,I8,F9,C7) -> 8.5 | U9: LEY TRANSPORTE SEGURO | V9: 7.2
B10: DE 101.000 O MÁS | C10: 4 | E10: DESDE 101 O MÁS | F10: 3
B14: NINGUNO | E14: BÁSICOS | H14: TITULARES INTERNOS - PATD | K14: SI | N14: SI - POR TIPO DE DESTINATARIO | Q14: 7.1 - CONSENTIMIENTO | T14: TIEMPO DEL TRATAMIENTO + 3 MESES
B15: SALUD | E15: ESPECIALES | H15: TITULARES INTERNOS - EMPLEADO | K15: NO | N15: SI - POR REPORTE A MATRIZ | Q15: 7.2 - OBLIGACIÓN LEGAL | T15: TIEMPO DEL TRATAMIENTO + 7 AÑOS
B16: TRATAMIENTOS AUTOMATIZADOS | E16: COMBINADOS | H16: TITULARES EXTERNOS E INTERNOS EN TODAS LAS CATEGORÍAS | N16: NO | Q16: 7.3 - ORDEN JUDICIAL | T16: TIEMPO DEL TRATAMIENTO
B17: VIGILANCIA MONITOREO | E17: GRUPOS VULNERABLES | H17: TITULAREES EXTERNOS - VISITAS | Q17: 7.4 - INTERÉS PÚBLICO
B18: DATOS BIOMETRICOS | H18: TITULARES EXTERNOS - PATD HONORARIOS | Q18: 7.5 - PRE CONTRACTUAL O CONTRACTUAL
B19: CREDITICIA FINANCIERA | H19: TITULARES EXTERNOS - CANDIDATOS | Q19: 7.6 - INTERESES VITALES
B20: NIÑAS, NIÑOS Y ADOLECENTES EN ENTORNOS INSTITUCIONALES Y TECNOLÓICOS | Q20: 7.7 - BASES DE ACCESO PÚBLICO
B21: TRANSFERENCIAS SISTEMÁTICAS LOCAL O NTERNACIONAL | Q21: 7.8 - INTERÉS LEGÍTIMO
B22: MENSAJERIA ACELERADA O COURIER

Sheet RAT - MTGE
O7: CATEGORÍAS DE DATOS PERSONALES (R-005-2026, 15.2) | T7: MEDIDAS DE SEGURIDAD IMPLEMENTADAS (R-005-2026, 15.6)
B8: ÁREA O DEPARTAMENTO | C8: PROCESO O #DE ESTACIÓN AUTOGESTIONADA | D8: NOMBRE DE LA ACTIVIDAD DE TRATAMIENTO | F8: NOMBRE RESPONSABLES DE TRATAMIENTO (38.1-A) | G8: DATOS DE CONTACTO RESPONSABLE DE TRATAMIENTO (38.1-B) | H8: NOMBRE DELEGADO PROTECCION DATOS (38.1-C) | I8: DATOS DE CONTACTO DPD (38.1-D) | J8: FINALIDADES DEL TRATAMIENTO (38.2) | K8: DESTINATARIOS (38.3) | N8: DESCRIPCIÓN DEL TRATAMIENTO (R-005-2026, 15.1) | O8: TIPOS DE CATEGORÍA ESPECIAL | P8: TIPOS DE CATEGORÍA COMÚN | Q8: TITULARES DE DATOS PERSONALES DE QUIENES SE TRATA LA INFORMACIÓN (R-005-2026, 15.3) | R8: FRECUENCIA DEL TRATAMIENTO (R-005-2026, 15.4) | S8: PERMANENCIA DEL TRATAMIENTO (R-005-2026, 15.5) | T8: JURIDICAS (RGLOPDP, 38.9-A) | U8: ORGANIZATIVAS (RGLOPDP, 38.9-B) | V8: ADMINISTRATIVAS (RGLOPDP, 38.9-C) | W8: TÉCNICAS (RGLOPDP, 38.9-D) | X8: FÍSICAS (RGLOPDP, 38.9-E)
B9: MENCIONAR EL ÁREA O DEPARTAMENTO ENCARGADO DE LA ACTIVIDAD DE TRATAMIENTO | C9: POR SG BASADO EN ESTACIÓN DE TRABAJO AUTOGESTIONADA: 2.- Mencionar el número de estación Autogestionada donde se recibe la solicitud (ámbito WEB, FÍSICO, PLATAFORMA) | O9: =+G11 -> COMBINADOS | Q9: =+F11 -> 0 | R9: TRATAMIENTO PUNTUAL | S9: PROLONGADA | T9: =+G14 -> PANSI JURÍDICO | U9: =+H14 -> PANSI ORGANIZATIVOS | V9: =+I14 -> PANSI ADMINISTRATIVO | W9: =+J14 -> PANSI TÉCNICAS | X9: =+K14 -> PANSI FÍSICAS
F10: TITULARES (38.4-A) (EMPLEADOS, NIÑOS, ADOLESCENTES, DIFUNTOS, RESPONSABLES, VISITANTES, OTROS) | G10: CATEGORIA DE LOS DATOS (38.4-B) ESPECIALES, COMUNES, MIXTOS | H10: USO DE PERFILES (38.5) | I10: TTRANSFERENCIA INTERNACIONAL DE DATOS (38.6) | J10: BASES LEGITIMADORAS DEL TRATAMIENTO (38.7) | K10: PLAZOS DE RETENCION PARA LA SUPRESION (38.8-A) | P10: 24000 TITULARES
G11: COMBINADOS | H11: SI | N11: TRATAMIETOS QUE OBLIGAN LA EIPD (GRAN ESCALA) (SI NO ELIJA NINGUNO) (R-005-2026, Art. 14) | O11: NÚMERO DE TITULARES (R-005-2026, 7.1) | P11: VOLUMEN DE DATOS PERSONALES (R-005-2026, 7.2) | Q11: CATEGORÍAS DE DATOS PERSONALES (R-005-2026, 7.3) | R11: FRECUENCIA DEL TRATAMIENTO DATOS PERSONALES (R-005-2026, 7.4) | S11: PERMANENCIA DEL TRATAMIENTO DE DATOS PERSONALES (R-005-2026, 7.5) | T11: ALCANCE GEOGRÁFICO DEL TRATAMIENTO (R-005-2026, 7.6) | U11: MTGE (R-005-2026, Art. 7) | V11: EIPD (R-005-2026, 12.1) | W11: DPD (R-005-2026, 12.2) | X11: REFORZAR PANSI (R-005-2026, 12.4)
G12: BREVE DESCRIPCION DE LAS MEDIDAS TECNICAS JURIDICAS ADMINISTRATIVAS ORGANIZATIVAS Y FISICAS PARA PROTEGER LOS DATOS | N12: NINGUNO | O12: DE 10.001 A 100.000 | P12: DESDE 101 O MÁS | Q12: ESPECIALES | R12: TRATAMIENTO PUNTUAL | S12: PROLONGADA | T12: NACIONAL | U12: =VLOOKUP(O12,'CRITERIOS MTGE'!$B$7:$C$10,2,FALSE)+VLOOKUP(P12,'CRITERIOS MTGE'!$E$7:$F$10,2,FALSE)+VLOOKUP(Q12,'CRITERIOS MTGE'!$H$7:$I$9,2,FALSE)+VLOOKUP(R12,'CRITERIOS MTGE'!$K$7:$L$9,2,FALSE)+VLOOKUP(S12,'CRITERIOS MTGE'!$N$7:$O$9,2,FALSE)+VLOOKUP(T12,'CRITERIOS MTGE'!$Q$7:$R$9,2,FALSE) -> 12.5 | V12: =IF($U$12>=6,"OBLIGADO","NO OBLIGADO") -> OBLIGADO | W12: =IF($U$12>=6,"OBLIGADO","NO OBLIGADO") -> OBLIGADO | X12: =IF($U$12>=6,"OBLIGADO","NO OBLIGADO") -> OBLIGADO
F13: EL TRATAMIENTO SE REALIZA CON IA | G13: JURIDICAS (38.9-A) | H13: ORGANIZATIVAS (38.9-B) | I13: ADMINISTRATIVAS (38.9-C) | J13: TÉCNICAS (38.9-D) | K13: FÍSICAS (38.9-E)
F14: NO | G14: PANSI JURÍDICO | H14: PANSI ORGANIZATIVOS | I14: PANSI ADMINISTRATIVO | J14: PANSI TÉCNICAS | K14: PANSI FÍSICAS

Sheet PATD 1 - CASETA GUARDIA X 6
B4: NOMBRE | C4: CASETA DEL GUARDIA EMPRESA SEGAPRO | E4: LISTADO DE ACTIVIDADES DE TRATAMIENTO | H4: CATEGORÍA DE LOS DATOS (BÁSICOS + ESPECIALES + COMBINADOS | K4: COMENTARIOS
E5: 1.- CONTROL DE ASISTENCIA BIOMÉTRICO | H5: COMBINADOS = FACIAL + DACTILAR | K5: HAY ROTACIÓN DE GUARDIAS PARA SEERVICIO 24/7, LOS FINES DE SEMANA CAMBIAN A LOS QUE TRABAJARON EN LA SEMANA, LA TOMA DE TEMPERATURA ES UN PROCEDIMIENTO RESIDUAL DE LA PANDEMIA, NO SE RESPETA LA TOMA DE TEMPERATURA A TODOS AL MOMENTO DE ENTRAR. LA INFORMACIÓN DE LAS CÁMARAS SE BORRA CADA 30 DÍAS AL SATURAR LA MEMORIA, NO SE GUARDAN RESPALDOS, EL BIOMÉTRICO TIENE LICENCIA PROPIA, SE BORRA AUTOMÁTICAMENTE, LA DATA LA USA RRHH
E6: 2.- CÁMARA CON AMPLIO ESPECTRO PARA ENTRADA Y SALIDA DE BODEGAS Y ENTRADA PRINCIPAL | H6: COMBINADOS
E7: 3.- REGISTRO DE ENTRADA MANUAL | H7: BÁSICOS + CÉDULA Y QUEDA EN SU PODER
E8: 4.- VISUALIZACIÓN DE CÁMARAS | H8: COMBINADO
E9: 5.- TOMA DE TEMPERATURA (REGISTRO FÍSICO) | H9: CATEGORÍA ESPECIAL
E10: 6.- REGISTRO FÍSICO DE COMIDAS DEL PERSONAL | H10: BÁSICOS IDENTIFICACIÓN
E11: 7.-
E12: 8.-
E13: 9.-
E14: 10.-

Sheet RAT - MTGE - BIOMÉTRICO
O7: CATEGORÍAS DE DATOS PERSONALES (R-005-2026, 15.2) | T7: MEDIDAS DE SEGURIDAD IMPLEMENTADAS (R-005-2026, 15.6)
B8: ÁREA O DEPARTAMENTO | C8: PROCESO O #DE ESTACIÓN AUTOGESTIONADA | D8: NOMBRE DE LA ACTIVIDAD DE TRATAMIENTO | F8: NOMBRE RESPONSABLES DE TRATAMIENTO (38.1-A) | G8: DATOS DE CONTACTO RESPONSABLE DE TRATAMIENTO (38.1-B) | H8: NOMBRE DELEGADO PROTECCION DATOS (38.1-C) | I8: DATOS DE CONTACTO DPD (38.1-D) | J8: FINALIDADES DEL TRATAMIENTO (38.2) | K8: DESTINATARIOS (38.3) | N8: DESCRIPCIÓN DEL TRATAMIENTO (R-005-2026, 15.1) | O8: TIPOS DE CATEGORÍA ESPECIAL | P8: TIPOS DE CATEGORÍA COMÚN | Q8: TITULARES DE DATOS PERSONALES DE QUIENES SE TRATA LA INFORMACIÓN (R-005-2026, 15.3) | R8: FRECUENCIA DEL TRATAMIENTO (R-005-2026, 15.4) | S8: PERMANENCIA DEL TRATAMIENTO (R-005-2026, 15.5) | T8: JURIDICAS (RGLOPDP, 38.9-A) | U8: ORGANIZATIVAS (RGLOPDP, 38.9-B) | V8: ADMINISTRATIVAS (RGLOPDP, 38.9-C) | W8: TÉCNICAS (RGLOPDP, 38.9-D) | X8: FÍSICAS (RGLOPDP, 38.9-E)
B9: MENCIONAR EL ÁREA O DEPARTAMENTO ENCARGADO DE LA ACTIVIDAD DE TRATAMIENTO | C9: POR SG BASADO EN ESTACIÓN DE TRABAJO AUTOGESTIONADA: 2.- Mencionar el número de estación Autogestionada donde se recibe la solicitud (ámbito WEB, FÍSICO, PLATAFORMA) | D9: CONTROL DE ASISTECIA BIOMÉTRICO | O9: =+G11 -> COMBINADOS | Q9: =+F11 -> 0 | R9: TRATAMIENTO PUNTUAL | S9: PROLONGADA | T9: =+G14 -> PANSI JURÍDICO | U9: =+H14 -> PANSI ORGANIZATIVOS | V9: =+I14 -> PANSI ADMINISTRATIVO | W9: =+J14 -> PANSI TÉCNICAS | X9: =+K14 -> PANSI FÍSICAS
F10: TITULARES (38.4-A) (EMPLEADOS, NIÑOS, ADOLESCENTES, DIFUNTOS, RESPONSABLES, VISITANTES, OTROS) | G10: CATEGORIA DE LOS DATOS (38.4-B) ESPECIALES, COMUNES, MIXTOS | H10: USO DE PERFILES (38.5) | I10: TTRANSFERENCIA INTERNACIONAL DE DATOS (38.6) | J10: BASES LEGITIMADORAS DEL TRATAMIENTO (38.7) | K10: PLAZOS DE RETENCION PARA LA SUPRESION (38.8-A) | P10: 24000 TITULARES
G11: COMBINADOS | H11: SI | I11: SI - POR REPORTE A MATRIZ | N11: TRATAMIETOS QUE OBLIGAN LA EIPD (GRAN ESCALA) (SI NO ELIJA NINGUNO) (R-005-2026, Art. 14) | O11: NÚMERO DE TITULARES (R-005-2026, 7.1) | P11: VOLUMEN DE DATOS PERSONALES (R-005-2026, 7.2) | Q11: CATEGORÍAS DE DATOS PERSONALES (R-005-2026, 7.3) | R11: FRECUENCIA DEL TRATAMIENTO DATOS PERSONALES (R-005-2026, 7.4) | S11: PERMANENCIA DEL TRATAMIENTO DE DATOS PERSONALES (R-005-2026, 7.5) | T11: ALCANCE GEOGRÁFICO DEL TRATAMIENTO (R-005-2026, 7.6) | U11: MTGE (R-005-2026, Art. 7) | V11: EIPD (R-005-2026, 12.1) | W11: DPD (R-005-2026, 12.2) | X11: REFORZAR PANSI (R-005-2026, 12.4)
G12: BREVE DESCRIPCION DE LAS MEDIDAS TECNICAS JURIDICAS ADMINISTRATIVAS ORGANIZATIVAS Y FISICAS PARA PROTEGER LOS DATOS | N12: VIGILANCIA MONITOREO | O12: DE 10.001 A 100.000 | P12: DESDE 101 O MÁS | Q12: ESPECIALES | R12: TRATAMIENTO PUNTUAL | S12: PROLONGADA | T12: NACIONAL | U12: =VLOOKUP(O12,'CRITERIOS MTGE'!$B$7:$C$10,2,FALSE)+VLOOKUP(P12,'CRITERIOS MTGE'!$E$7:$F$10,2,FALSE)+VLOOKUP(Q12,'CRITERIOS MTGE'!$H$7:$I$9,2,FALSE)+VLOOKUP(R12,'CRITERIOS MTGE'!$K$7:$L$9,2,FALSE)+VLOOKUP(S12,'CRITERIOS MTGE'!$N$7:$O$9,2,FALSE)+VLOOKUP(T12,'CRITERIOS MTGE'!$Q$7:$R$9,2,FALSE) -> 12.5 | V12: =IF($U$12>=6,"OBLIGADO","NO OBLIGADO") -> OBLIGADO | W12: =IF($U$12>=6,"OBLIGADO","NO OBLIGADO") -> OBLIGADO | X12: =IF($U$12>=6,"OBLIGADO","NO OBLIGADO") -> OBLIGADO
F13: EL TRATAMIENTO SE REALIZA CON IA | G13: JURIDICAS (38.9-A) | H13: ORGANIZATIVAS (38.9-B) | I13: ADMINISTRATIVAS (38.9-C) | J13: TÉCNICAS (38.9-D) | K13: FÍSICAS (38.9-E)
F14: NO | G14: PANSI JURÍDICO | H14: PANSI ORGANIZATIVOS | I14: PANSI ADMINISTRATIVO | J14: PANSI TÉCNICAS | K14: PANSI FÍSICAS

Sheet RAT - MTGE - CAMARA CALLE
O7: CATEGORÍAS DE DATOS PERSONALES (R-005-2026, 15.2) | T7: MEDIDAS DE SEGURIDAD IMPLEMENTADAS (R-005-2026, 15.6)
B8: ÁREA O DEPARTAMENTO | C8: PROCESO O #DE ESTACIÓN AUTOGESTIONADA | D8: NOMBRE DE LA ACTIVIDAD DE TRATAMIENTO | F8: NOMBRE RESPONSABLES DE TRATAMIENTO (38.1-A) | G8: DATOS DE CONTACTO RESPONSABLE DE TRATAMIENTO (38.1-B) | H8: NOMBRE DELEGADO PROTECCION DATOS (38.1-C) | I8: DATOS DE CONTACTO DPD (38.1-D) | J8: FINALIDADES DEL TRATAMIENTO (38.2) | K8: DESTINATARIOS (38.3) | N8: DESCRIPCIÓN DEL TRATAMIENTO (R-005-2026, 15.1) | O8: TIPOS DE CATEGORÍA ESPECIAL | P8: TIPOS DE CATEGORÍA COMÚN | Q8: TITULARES DE DATOS PERSONALES DE QUIENES SE TRATA LA INFORMACIÓN (R-005-2026, 15.3) | R8: FRECUENCIA DEL TRATAMIENTO (R-005-2026, 15.4) | S8: PERMANENCIA DEL TRATAMIENTO (R-005-2026, 15.5) | T8: JURIDICAS (RGLOPDP, 38.9-A) | U8: ORGANIZATIVAS (RGLOPDP, 38.9-B) | V8: ADMINISTRATIVAS (RGLOPDP, 38.9-C) | W8: TÉCNICAS (RGLOPDP, 38.9-D) | X8: FÍSICAS (RGLOPDP, 38.9-E)
B9: MENCIONAR EL ÁREA O DEPARTAMENTO ENCARGADO DE LA ACTIVIDAD DE TRATAMIENTO | C9: POR SG BASADO EN ESTACIÓN DE TRABAJO AUTOGESTIONADA: 2.- Mencionar el número de estación Autogestionada donde se recibe la solicitud (ámbito WEB, FÍSICO, PLATAFORMA) | D9: CONTROL DE ASISTECIA BIOMÉTRICO | O9: =+G11 -> COMBINADOS | Q9: =+F11 -> 0 | R9: TRATAMIENTO PUNTUAL | S9: PROLONGADA | T9: =+G14 -> PANSI JURÍDICO | U9: =+H14 -> PANSI ORGANIZATIVOS | V9: =+I14 -> PANSI ADMINISTRATIVO | W9: =+J14 -> PANSI TÉCNICAS | X9: =+K14 -> PANSI FÍSICAS
F10: TITULARES (38.4-A) (EMPLEADOS, NIÑOS, ADOLESCENTES, DIFUNTOS, RESPONSABLES, VISITANTES, OTROS) | G10: CATEGORIA DE LOS DATOS (38.4-B) ESPECIALES, COMUNES, MIXTOS | H10: USO DE PERFILES (38.5) | I10: TTRANSFERENCIA INTERNACIONAL DE DATOS (38.6) | J10: BASES LEGITIMADORAS DEL TRATAMIENTO (38.7) | K10: PLAZOS DE RETENCION PARA LA SUPRESION (38.8-A) | P10: 24000 TITULARES
G11: COMBINADOS | H11: SI | N11: TRATAMIETOS QUE OBLIGAN LA EIPD (GRAN ESCALA) (SI NO ELIJA NINGUNO) (R-005-2026, Art. 14) | O11: NÚMERO DE TITULARES (R-005-2026, 7.1) | P11: VOLUMEN DE DATOS PERSONALES (R-005-2026, 7.2) | Q11: CATEGORÍAS DE DATOS PERSONALES (R-005-2026, 7.3) | R11: FRECUENCIA DEL TRATAMIENTO DATOS PERSONALES (R-005-2026, 7.4) | S11: PERMANENCIA DEL TRATAMIENTO DE DATOS PERSONALES (R-005-2026, 7.5) | T11: ALCANCE GEOGRÁFICO DEL TRATAMIENTO (R-005-2026, 7.6) | U11: MTGE (R-005-2026, Art. 7) | V11: EIPD (R-005-2026, 12.1) | W11: DPD (R-005-2026, 12.2) | X11: REFORZAR PANSI (R-005-2026, 12.4)
G12: BREVE DESCRIPCION DE LAS MEDIDAS TECNICAS JURIDICAS ADMINISTRATIVAS ORGANIZATIVAS Y FISICAS PARA PROTEGER LOS DATOS | N12: NINGUNO | O12: DE 10.001 A 100.000 | P12: DESDE 101 O MÁS | Q12: ESPECIALES | R12: TRATAMIENTO PUNTUAL | S12: PROLONGADA | T12: NACIONAL | U12: =VLOOKUP(O12,'CRITERIOS MTGE'!$B$7:$C$10,2,FALSE)+VLOOKUP(P12,'CRITERIOS MTGE'!$E$7:$F$10,2,FALSE)+VLOOKUP(Q12,'CRITERIOS MTGE'!$H$7:$I$9,2,FALSE)+VLOOKUP(R12,'CRITERIOS MTGE'!$K$7:$L$9,2,FALSE)+VLOOKUP(S12,'CRITERIOS MTGE'!$N$7:$O$9,2,FALSE)+VLOOKUP(T12,'CRITERIOS MTGE'!$Q$7:$R$9,2,FALSE) -> 12.5 | V12: =IF($U$12>=6,"OBLIGADO","NO OBLIGADO") -> OBLIGADO | W12: =IF($U$12>=6,"OBLIGADO","NO OBLIGADO") -> OBLIGADO | X12: =IF($U$12>=6,"OBLIGADO","NO OBLIGADO") -> OBLIGADO
F13: EL TRATAMIENTO SE REALIZA CON IA | G13: JURIDICAS (38.9-A) | H13: ORGANIZATIVAS (38.9-B) | I13: ADMINISTRATIVAS (38.9-C) | J13: TÉCNICAS (38.9-D) | K13: FÍSICAS (38.9-E)
F14: NO | G14: PANSI JURÍDICO | H14: PANSI ORGANIZATIVOS | I14: PANSI ADMINISTRATIVO | J14: PANSI TÉCNICAS | K14: PANSI FÍSICAS

Sheet RAT - MTGE - FORMAT VISITS REG
O7: CATEGORÍAS DE DATOS PERSONALES (R-005-2026, 15.2) | T7: MEDIDAS DE SEGURIDAD IMPLEMENTADAS (R-005-2026, 15.6)
B8: ÁREA O DEPARTAMENTO | C8: PROCESO O #DE ESTACIÓN AUTOGESTIONADA | D8: NOMBRE DE LA ACTIVIDAD DE TRATAMIENTO | F8: NOMBRE RESPONSABLES DE TRATAMIENTO (38.1-A) | G8: DATOS DE CONTACTO RESPONSABLE DE TRATAMIENTO (38.1-B) | H8: NOMBRE DELEGADO PROTECCION DATOS (38.1-C) | I8: DATOS DE CONTACTO DPD (38.1-D) | J8: FINALIDADES DEL TRATAMIENTO (38.2) | K8: DESTINATARIOS (38.3) | N8: DESCRIPCIÓN DEL TRATAMIENTO (R-005-2026, 15.1) | O8: TIPOS DE CATEGORÍA ESPECIAL | P8: TIPOS DE CATEGORÍA COMÚN | Q8: TITULARES DE DATOS PERSONALES DE QUIENES SE TRATA LA INFORMACIÓN (R-005-2026, 15.3) | R8: FRECUENCIA DEL TRATAMIENTO (R-005-2026, 15.4) | S8: PERMANENCIA DEL TRATAMIENTO (R-005-2026, 15.5) | T8: JURIDICAS (RGLOPDP, 38.9-A) | U8: ORGANIZATIVAS (RGLOPDP, 38.9-B) | V8: ADMINISTRATIVAS (RGLOPDP, 38.9-C) | W8: TÉCNICAS (RGLOPDP, 38.9-D) | X8: FÍSICAS (RGLOPDP, 38.9-E)
B9: RECURSOS HUMANOS | C9: PATD # 1 GUARDIANIA | D9: MONITOREO DE CÁMARAS DE VIDEO VIGILANCIA | F9: MONTANA | G9: SEBASTIAN MORENO, E1-53 Y PANA NORTE TEL: (02) 2480128 E-MAIL: pendiente | H9: por definir | I9: SEBASTIAN MORENO, E1-53 Y PANA NORTE TEL: (02) 2480128 E-MAIL: pendiente | J9: El encargado de tratamiento )segapro), dentro de su esquema de segurirad que dentro dek marco de la ley de seguridad publica, esta obligado a controlar el acceso a las instalaciones de Responsable de tramanieto. | K9: no existen destinatarios | N9: EL ENCARGADO DE TRATAMIENTO (SEGAPRO), RECOPILA DAOS BÁSICOS DEL TITULAR EXTERNO | O9: =+G11 -> BÁSICOS | P9: NOMBRE, APELLIDO, NO. CÉDULA, FIRMA | Q9: =+F11 -> TITULAREES EXTERNOS - VISITAS | R9: TRATAMIENTO PUNTUAL | S9: PROLONGADA | T9: =+G14 -> PANSI JURÍDICO | U9: =+H14 -> PANSI ORGANIZATIVOS | V9: =+I14 -> PANSI ADMINISTRATIVO | W9: =+J14 -> PANSI TÉCNICAS | X9: =+K14 -> PANSI FÍSICAS
F10: TITULARES (38.4-A) (EMPLEADOS, NIÑOS, ADOLESCENTES, DIFUNTOS, RESPONSABLES, VISITANTES, OTROS) | G10: CATEGORIA DE LOS DATOS (38.4-B) ESPECIALES, COMUNES, MIXTOS | H10: USO DE PERFILES (38.5) | I10: TTRANSFERENCIA INTERNACIONAL DE DATOS (38.6) | J10: BASES LEGITIMADORAS DEL TRATAMIENTO (38.7) | K10: PLAZOS DE RETENCION PARA LA SUPRESION (38.8-A) | P10: 24000 TITULARES
F11: TITULAREES EXTERNOS - VISITAS | G11: BÁSICOS | H11: NO | I11: NO | J11: 7.2 - OBLIGACIÓN LEGAL | K11: TIEMPO DEL TRATAMIENTO + 3 MESES | N11: TRATAMIETOS QUE OBLIGAN LA EIPD (GRAN ESCALA) (SI NO ELIJA NINGUNO) (R-005-2026, Art. 14) | O11: NÚMERO DE TITULARES (R-005-2026, 7.1) | P11: VOLUMEN DE DATOS PERSONALES (R-005-2026, 7.2) | Q11: CATEGORÍAS DE DATOS PERSONALES (R-005-2026, 7.3) | R11: FRECUENCIA DEL TRATAMIENTO DATOS PERSONALES (R-005-2026, 7.4) | S11: PERMANENCIA DEL TRATAMIENTO DE DATOS PERSONALES (R-005-2026, 7.5) | T11: ALCANCE GEOGRÁFICO DEL TRATAMIENTO (R-005-2026, 7.6) | U11: MTGE (R-005-2026, Art. 7) | V11: EIPD (R-005-2026, 12.1) | W11: DPD (R-005-2026, 12.2) | X11: REFORZAR PANSI (R-005-2026, 12.4)
G12: BREVE DESCRIPCION DE LAS MEDIDAS TECNICAS JURIDICAS ADMINISTRATIVAS ORGANIZATIVAS Y FISICAS PARA PROTEGER LOS DATOS | N12: NINGUNO | O12: DE 0 A 1.000 | P12: HASTA 10 TIPOS DE DATOS POR TITULAR | Q12: BÁSICOS | R12: TRATAMIENTO PUNTUAL | S12: OCASIONAL | T12: ALCANCE LOCAL | U12: =VLOOKUP(O12,'CRITERIOS MTGE'!$B$7:$C$10,2,FALSE)+VLOOKUP(P12,'CRITERIOS MTGE'!$E$7:$F$10,2,FALSE)+VLOOKUP(Q12,'CRITERIOS MTGE'!$H$7:$I$9,2,FALSE)+VLOOKUP(R12,'CRITERIOS MTGE'!$K$7:$L$9,2,FALSE)+VLOOKUP(S12,'CRITERIOS MTGE'!$N$7:$O$9,2,FALSE)+VLOOKUP(T12,'CRITERIOS MTGE'!$Q$7:$R$9,2,FALSE) -> 4 | V12: =IF($U$12>=6,"OBLIGADO","NO OBLIGADO") -> NO OBLIGADO | W12: =IF($U$12>=6,"OBLIGADO","NO OBLIGADO") -> NO OBLIGADO | X12: =IF($U$12>=6,"OBLIGADO","NO OBLIGADO") -> NO OBLIGADO
F13: EL TRATAMIENTO SE REALIZA CON IA | G13: JURIDICAS (38.9-A) | H13: ORGANIZATIVAS (38.9-B) | I13: ADMINISTRATIVAS (38.9-C) | J13: TÉCNICAS (38.9-D) | K13: FÍSICAS (38.9-E)
F14: NO | G14: PANSI JURÍDICO | H14: PANSI ORGANIZATIVOS | I14: PANSI ADMINISTRATIVO | J14: PANSI TÉCNICAS | K14: PANSI FÍSICAS

Sheet RAT - MTGE - MONITOREO 24-7
O7: CATEGORÍAS DE DATOS PERSONALES (R-005-2026, 15.2) | T7: MEDIDAS DE SEGURIDAD IMPLEMENTADAS (R-005-2026, 15.6)
B8: ÁREA O DEPARTAMENTO | C8: PROCESO O #DE ESTACIÓN AUTOGESTIONADA | D8: NOMBRE DE LA ACTIVIDAD DE TRATAMIENTO | F8: NOMBRE RESPONSABLES DE TRATAMIENTO (38.1-A) | G8: DATOS DE CONTACTO RESPONSABLE DE TRATAMIENTO (38.1-B) | H8: NOMBRE DELEGADO PROTECCION DATOS (38.1-C) | I8: DATOS DE CONTACTO DPD (38.1-D) | J8: FINALIDADES DEL TRATAMIENTO (38.2) | K8: DESTINATARIOS (38.3) | N8: DESCRIPCIÓN DEL TRATAMIENTO (R-005-2026, 15.1) | O8: TIPOS DE CATEGORÍA ESPECIAL | P8: TIPOS DE CATEGORÍA COMÚN | Q8: TITULARES DE DATOS PERSONALES DE QUIENES SE TRATA LA INFORMACIÓN (R-005-2026, 15.3) | R8: FRECUENCIA DEL TRATAMIENTO (R-005-2026, 15.4) | S8: PERMANENCIA DEL TRATAMIENTO (R-005-2026, 15.5) | T8: JURIDICAS (RGLOPDP, 38.9-A) | U8: ORGANIZATIVAS (RGLOPDP, 38.9-B) | V8: ADMINISTRATIVAS (RGLOPDP, 38.9-C) | W8: TÉCNICAS (RGLOPDP, 38.9-D) | X8: FÍSICAS (RGLOPDP, 38.9-E)
B9: RECURSOS HUMANOS | C9: PATD # 1 GUARDIANIA | D9: FORMATO DE REGISTRO DE VISITAS | F9: MONTANA | G9: SEBASTIAN MORENO, E1-53 Y PANA NORTE TEL: (02) 2480128 E-MAIL: pendiente | H9: por definir | I9: SEBASTIAN MORENO, E1-53 Y PANA NORTE TEL: (02) 2480128 E-MAIL: pendiente | J9: El encargado de tratamiento (segapro), dentro de su esquema de segurirad que ESTÁ dentro deL marco de la ley de seguridad publica, esta obligado a OSERVAR LAS IMÁGENES RECOGIDAS POR LAS DISTINTAS CÁMARAS DEL ESQUEMA DE SEGURIDAD DE las instalaciones de Responsable de tramanieto. | K9: NO HAY DESTINATARIOS | N9: EL ENCARGADO DE TRATAMIENTO TIEN LA TAREA DE OBSERVAR LAS IMÁGENES DE MANERA FRECUENTE PARA CUMPLIR CON EL PROCEDIMIENTO O RUTINA DE SEGURIDAD | O9: =+G11 -> COMBINADOS | P9: TODOS LOS QUE RECOGE LAS IMÁGENES | Q9: =+F11 -> TITULARES EXTERNOS E INTERNOS EN TODAS LAS CATEGORÍAS | R9: CONTINUA EN TIEMPO REAL | S9: PROLONGADA | T9: =+G14 -> PANSI JURÍDICO | U9: =+H14 -> PANSI ORGANIZATIVOS | V9: =+I14 -> PANSI ADMINISTRATIVO | W9: =+J14 -> PANSI TÉCNICAS | X9: =+K14 -> PANSI FÍSICAS
F10: TITULARES (38.4-A) (EMPLEADOS, NIÑOS, ADOLESCENTES, DIFUNTOS, RESPONSABLES, VISITANTES, OTROS) | G10: CATEGORIA DE LOS DATOS (38.4-B) ESPECIALES, COMUNES, MIXTOS | H10: USO DE PERFILES (38.5) | I10: TTRANSFERENCIA INTERNACIONAL DE DATOS (38.6) | J10: BASES LEGITIMADORAS DEL TRATAMIENTO (38.7) | K10: PLAZOS DE RETENCION PARA LA SUPRESION (38.8-A)
F11: TITULARES EXTERNOS E INTERNOS EN TODAS LAS CATEGORÍAS | G11: COMBINADOS | H11: NO | I11: NO | J11: 7.5 - PRE CONTRACTUAL O CONTRACTUAL | K11: TIEMPO DEL TRATAMIENTO + 3 MESES | N11: TRATAMIETOS QUE OBLIGAN LA EIPD (GRAN ESCALA) (SI NO ELIJA NINGUNO) (R-005-2026, Art. 14) | O11: NÚMERO DE TITULARES (R-005-2026, 7.1) | P11: VOLUMEN DE DATOS PERSONALES (R-005-2026, 7.2) | Q11: CATEGORÍAS DE DATOS PERSONALES (R-005-2026, 7.3) | R11: FRECUENCIA DEL TRATAMIENTO DATOS PERSONALES (R-005-2026, 7.4) | S11: PERMANENCIA DEL TRATAMIENTO DE DATOS PERSONALES (R-005-2026, 7.5) | T11: ALCANCE GEOGRÁFICO DEL TRATAMIENTO (R-005-2026, 7.6) | U11: MTGE (R-005-2026, Art. 7) | V11: EIPD (R-005-2026, 12.1) | W11: DPD (R-005-2026, 12.2) | X11: REFORZAR PANSI (R-005-2026, 12.4)
G12: BREVE DESCRIPCION DE LAS MEDIDAS TECNICAS JURIDICAS ADMINISTRATIVAS ORGANIZATIVAS Y FISICAS PARA PROTEGER LOS DATOS | N12: NINGUNO | O12: DE 0 A 1.000 | P12: ENTRE 31 Y 100 TIPOS DE DATOS | Q12: ESPECIALES | R12: TRATAMIENTO PUNTUAL | S12: PROLONGADA | T12: ALCANCE LOCAL | U12: =VLOOKUP(O12,'CRITERIOS MTGE'!$B$7:$C$10,2,FALSE)+VLOOKUP(P12,'CRITERIOS MTGE'!$E$7:$F$10,2,FALSE)+VLOOKUP(Q12,'CRITERIOS MTGE'!$H$7:$I$9,2,FALSE)+VLOOKUP(R12,'CRITERIOS MTGE'!$K$7:$L$9,2,FALSE)+VLOOKUP(S12,'CRITERIOS MTGE'!$N$7:$O$9,2,FALSE)+VLOOKUP(T12,'CRITERIOS MTGE'!$Q$7:$R$9,2,FALSE) -> 8.5 | V12: =IF($U$12>=6,"OBLIGADO","NO OBLIGADO") -> OBLIGADO | W12: =IF($U$12>=6,"OBLIGADO","NO OBLIGADO") -> OBLIGADO | X12: =IF($U$12>=6,"OBLIGADO","NO OBLIGADO") -> OBLIGADO
F13: EL TRATAMIENTO SE REALIZA CON IA | G13: JURIDICAS (38.9-A) | H13: ORGANIZATIVAS (38.9-B) | I13: ADMINISTRATIVAS (38.9-C) | J13: TÉCNICAS (38.9-D) | K13: FÍSICAS (38.9-E)
F14: NO | G14: PANSI JURÍDICO | H14: PANSI ORGANIZATIVOS | I14: PANSI ADMINISTRATIVO | J14: PANSI TÉCNICAS | K14: PANSI FÍSICAS

Sheet RAT - MTGE - REG TEMP FORM FISI
O7: CATEGORÍAS DE DATOS PERSONALES (R-005-2026, 15.2) | T7: MEDIDAS DE SEGURIDAD IMPLEMENTADAS (R-005-2026, 15.6)
B8: ÁREA O DEPARTAMENTO | C8: PROCESO O #DE ESTACIÓN AUTOGESTIONADA | D8: NOMBRE DE LA ACTIVIDAD DE TRATAMIENTO | F8: NOMBRE RESPONSABLES DE TRATAMIENTO (38.1-A) | G8: DATOS DE CONTACTO RESPONSABLE DE TRATAMIENTO (38.1-B) | H8: NOMBRE DELEGADO PROTECCION DATOS (38.1-C) | I8: DATOS DE CONTACTO DPD (38.1-D) | J8: FINALIDADES DEL TRATAMIENTO (38.2) | K8: DESTINATARIOS (38.3) | N8: DESCRIPCIÓN DEL TRATAMIENTO (R-005-2026, 15.1) | O8: TIPOS DE CATEGORÍA ESPECIAL | P8: TIPOS DE DATOS | Q8: TITULARES DE DATOS PERSONALES DE QUIENES SE TRATA LA INFORMACIÓN (R-005-2026, 15.3) | R8: FRECUENCIA DEL TRATAMIENTO (R-005-2026, 15.4) | S8: PERMANENCIA DEL TRATAMIENTO (R-005-2026, 15.5) | T8: JURIDICAS (RGLOPDP, 38.9-A) | U8: ORGANIZATIVAS (RGLOPDP, 38.9-B) | V8: ADMINISTRATIVAS (RGLOPDP, 38.9-C) | W8: TÉCNICAS (RGLOPDP, 38.9-D) | X8: FÍSICAS (RGLOPDP, 38.9-E)
B9: RECURSOS HUMANOS | C9: PATD # 1 GUARDIANIA | D9: REGISTRO DE TEMPERATURA | F9: MONTANA | G9: SEBASTIAN MORENO, E1-53 Y PANA NORTE TEL: (02) 2480128 E-MAIL: pendiente | H9: por definir | I9: SEBASTIAN MORENO, E1-53 Y PANA NORTE TEL: (02) 2480128 E-MAIL: pendiente | J9: NO SE TIENE UNA FINALIDAD QUE QUE SE RELACIONE CON ALGUNA DE LAS BASES DE LICITUD QUE NOS OTORGA LA LOPDP | K9: NO EXISTEN | N9: CONTROLAR LA TEMPERATURA CORPORL DE LOS TITULARES INTERNOS SIGUIENDO EL PROTOCOLO COVID | O9: =+G11 -> ESPECIALES | P9: TEMPERATUA CORPORAL, NOMBRE Y APELLIDO DEL TITULAR INTERNO (EMPLEADO) | Q9: =+F11 -> TITULARES INTERNOS - EMPLEADO | R9: PERIÓDICA RECURRENTE | S9: PROLONGADA | T9: =+G14 -> PANSI JURÍDICO | U9: =+H14 -> PANSI ORGANIZATIVOS | V9: =+I14 -> PANSI ADMINISTRATIVO | W9: =+J14 -> PANSI TÉCNICAS | X9: =+K14 -> PANSI FÍSICAS
F10: TITULARES (38.4-A) (EMPLEADOS, NIÑOS, ADOLESCENTES, DIFUNTOS, RESPONSABLES, VISITANTES, OTROS) | G10: CATEGORIA DE LOS DATOS (38.4-B) ESPECIALES, COMUNES, MIXTOS | H10: USO DE PERFILES (38.5) | I10: TTRANSFERENCIA INTERNACIONAL DE DATOS (38.6) | J10: BASES LEGITIMADORAS DEL TRATAMIENTO (38.7) | K10: PLAZOS DE RETENCION PARA LA SUPRESION (38.8-A)
F11: TITULARES INTERNOS - EMPLEADO | G11: ESPECIALES | H11: SI | I11: NO | N11: TRATAMIETOS QUE OBLIGAN LA EIPD (GRAN ESCALA) (SI NO ELIJA NINGUNO) (R-005-2026, Art. 14) | O11: NÚMERO DE TITULARES (R-005-2026, 7.1) | P11: VOLUMEN DE DATOS PERSONALES (R-005-2026, 7.2) | Q11: CATEGORÍAS DE DATOS PERSONALES (R-005-2026, 7.3) | R11: FRECUENCIA DEL TRATAMIENTO DATOS PERSONALES (R-005-2026, 7.4) | S11: PERMANENCIA DEL TRATAMIENTO DE DATOS PERSONALES (R-005-2026, 7.5) | T11: ALCANCE GEOGRÁFICO DEL TRATAMIENTO (R-005-2026, 7.6) | U11: MTGE (R-005-2026, Art. 7) | V11: EIPD (R-005-2026, 12.1) | W11: DPD (R-005-2026, 12.2) | X11: REFORZAR PANSI (R-005-2026, 12.4)
G12: BREVE DESCRIPCION DE LAS MEDIDAS TECNICAS JURIDICAS ADMINISTRATIVAS ORGANIZATIVAS Y FISICAS PARA PROTEGER LOS DATOS | N12: NINGUNO | O12: DE 0 A 1.000 | P12: HASTA 10 TIPOS DE DATOS POR TITULAR | Q12: ESPECIALES | R12: PERIÓDICA RECURRENTE | S12: PROLONGADA | T12: ALCANCE LOCAL | U12: =VLOOKUP(O12,'CRITERIOS MTGE'!$B$7:$C$10,2,FALSE)+VLOOKUP(P12,'CRITERIOS MTGE'!$E$7:$F$10,2,FALSE)+VLOOKUP(Q12,'CRITERIOS MTGE'!$H$7:$I$9,2,FALSE)+VLOOKUP(R12,'CRITERIOS MTGE'!$K$7:$L$9,2,FALSE)+VLOOKUP(S12,'CRITERIOS MTGE'!$N$7:$O$9,2,FALSE)+VLOOKUP(T12,'CRITERIOS MTGE'!$Q$7:$R$9,2,FALSE) -> 7.5 | V12: =IF($U$12>=6,"OBLIGADO","NO OBLIGADO") -> OBLIGADO | W12: =IF($U$12>=6,"OBLIGADO","NO OBLIGADO") -> OBLIGADO | X12: =IF($U$12>=6,"OBLIGADO","NO OBLIGADO") -> OBLIGADO
F13: EL TRATAMIENTO SE REALIZA CON IA | G13: JURIDICAS (38.9-A) | H13: ORGANIZATIVAS (38.9-B) | I13: ADMINISTRATIVAS (38.9-C) | J13: TÉCNICAS (38.9-D) | K13: FÍSICAS (38.9-E)
F14: NO | G14: PANSI JURÍDICO | H14: PANSI ORGANIZATIVOS | I14: PANSI ADMINISTRATIVO | J14: PANSI TÉCNICAS | K14: PANSI FÍSICAS

Sheet RAT - MTGE - REG COMIDA FOR
O7: CATEGORÍAS DE DATOS PERSONALES (R-005-2026, 15.2) | T7: MEDIDAS DE SEGURIDAD IMPLEMENTADAS (R-005-2026, 15.6)
B8: ÁREA O DEPARTAMENTO | C8: PROCESO O #DE ESTACIÓN AUTOGESTIONADA | D8: NOMBRE DE LA ACTIVIDAD DE TRATAMIENTO | F8: NOMBRE RESPONSABLES DE TRATAMIENTO (38.1-A) | G8: DATOS DE CONTACTO RESPONSABLE DE TRATAMIENTO (38.1-B) | H8: NOMBRE DELEGADO PROTECCION DATOS (38.1-C) | I8: DATOS DE CONTACTO DPD (38.1-D) | J8: FINALIDADES DEL TRATAMIENTO (38.2) | K8: DESTINATARIOS (38.3) | N8: DESCRIPCIÓN DEL TRATAMIENTO (R-005-2026, 15.1) | O8: TIPOS DE CATEGORÍA ESPECIAL | P8: TIPOS DE CATEGORÍA COMÚN | Q8: TITULARES DE DATOS PERSONALES DE QUIENES SE TRATA LA INFORMACIÓN (R-005-2026, 15.3) | R8: FRECUENCIA DEL TRATAMIENTO (R-005-2026, 15.4) | S8: PERMANENCIA DEL TRATAMIENTO (R-005-2026, 15.5) | T8: JURIDICAS (RGLOPDP, 38.9-A) | U8: ORGANIZATIVAS (RGLOPDP, 38.9-B) | V8: ADMINISTRATIVAS (RGLOPDP, 38.9-C) | W8: TÉCNICAS (RGLOPDP, 38.9-D) | X8: FÍSICAS (RGLOPDP, 38.9-E)
B9: RECURSOS HUMANOS | C9: PATD # 1 GUARDIANIA | D9: REGISTRO DE COMIDAS | F9: MONTANA | G9: SEBASTIAN MORENO, E1-53 Y PANA NORTE TEL: (02) 2480128 E-MAIL: pendiente | H9: por definir | I9: SEBASTIAN MORENO, E1-53 Y PANA NORTE TEL: (02) 2480128 E-MAIL: pendiente | O9: =+G11 -> COMBINADOS | Q9: =+F11 -> 0 | R9: TRATAMIENTO PUNTUAL | S9: PROLONGADA | T9: =+G14 -> PANSI JURÍDICO | U9: =+H14 -> PANSI ORGANIZATIVOS | V9: =+I14 -> PANSI ADMINISTRATIVO | W9: =+J14 -> PANSI TÉCNICAS | X9: =+K14 -> PANSI FÍSICAS
F10: TITULARES (38.4-A) (EMPLEADOS, NIÑOS, ADOLESCENTES, DIFUNTOS, RESPONSABLES, VISITANTES, OTROS) | G10: CATEGORIA DE LOS DATOS (38.4-B) ESPECIALES, COMUNES, MIXTOS | H10: USO DE PERFILES (38.5) | I10: TTRANSFERENCIA INTERNACIONAL DE DATOS (38.6) | J10: BASES LEGITIMADORAS DEL TRATAMIENTO (38.7) | K10: PLAZOS DE RETENCION PARA LA SUPRESION (38.8-A) | P10: 24000 TITULARES
G11: COMBINADOS | H11: SI | N11: TRATAMIETOS QUE OBLIGAN LA EIPD (GRAN ESCALA) (SI NO ELIJA NINGUNO) (R-005-2026, Art. 14) | O11: NÚMERO DE TITULARES (R-005-2026, 7.1) | P11: VOLUMEN DE DATOS PERSONALES (R-005-2026, 7.2) | Q11: CATEGORÍAS DE DATOS PERSONALES (R-005-2026, 7.3) | R11: FRECUENCIA DEL TRATAMIENTO DATOS PERSONALES (R-005-2026, 7.4) | S11: PERMANENCIA DEL TRATAMIENTO DE DATOS PERSONALES (R-005-2026, 7.5) | T11: ALCANCE GEOGRÁFICO DEL TRATAMIENTO (R-005-2026, 7.6) | U11: MTGE (R-005-2026, Art. 7) | V11: EIPD (R-005-2026, 12.1) | W11: DPD (R-005-2026, 12.2) | X11: REFORZAR PANSI (R-005-2026, 12.4)
G12: BREVE DESCRIPCION DE LAS MEDIDAS TECNICAS JURIDICAS ADMINISTRATIVAS ORGANIZATIVAS Y FISICAS PARA PROTEGER LOS DATOS | N12: NINGUNO | O12: DE 10.001 A 100.000 | P12: DESDE 101 O MÁS | Q12: ESPECIALES | R12: TRATAMIENTO PUNTUAL | S12: PROLONGADA | T12: NACIONAL | U12: =VLOOKUP(O12,'CRITERIOS MTGE'!$B$7:$C$10,2,FALSE)+VLOOKUP(P12,'CRITERIOS MTGE'!$E$7:$F$10,2,FALSE)+VLOOKUP(Q12,'CRITERIOS MTGE'!$H$7:$I$9,2,FALSE)+VLOOKUP(R12,'CRITERIOS MTGE'!$K$7:$L$9,2,FALSE)+VLOOKUP(S12,'CRITERIOS MTGE'!$N$7:$O$9,2,FALSE)+VLOOKUP(T12,'CRITERIOS MTGE'!$Q$7:$R$9,2,FALSE) -> 12.5 | V12: =IF($U$12>=6,"OBLIGADO","NO OBLIGADO") -> OBLIGADO | W12: =IF($U$12>=6,"OBLIGADO","NO OBLIGADO") -> OBLIGADO | X12: =IF($U$12>=6,"OBLIGADO","NO OBLIGADO") -> OBLIGADO
F13: EL TRATAMIENTO SE REALIZA CON IA | G13: JURIDICAS (38.9-A) | H13: ORGANIZATIVAS (38.9-B) | I13: ADMINISTRATIVAS (38.9-C) | J13: TÉCNICAS (38.9-D) | K13: FÍSICAS (38.9-E)
F14: NO | G14: PANSI JURÍDICO | H14: PANSI ORGANIZATIVOS | I14: PANSI ADMINISTRATIVO | J14: PANSI TÉCNICAS | K14: PANSI FÍSICAS

Sheet FAC. INSUMOS MÉDICOS ENTREGA.
O7: CATEGORÍAS DE DATOS PERSONALES (R-005-2026, 15.2) | T7: MEDIDAS DE SEGURIDAD IMPLEMENTADAS (R-005-2026, 15.6)
B8: ÁREA O DEPARTAMENTO | C8: PROCESO O #DE ESTACIÓN AUTOGESTIONADA | D8: NOMBRE DE LA ACTIVIDAD DE TRATAMIENTO | F8: NOMBRE RESPONSABLES DE TRATAMIENTO (38.1-A) | G8: DATOS DE CONTACTO RESPONSABLE DE TRATAMIENTO (38.1-B) | H8: NOMBRE DELEGADO PROTECCION DATOS (38.1-C) | I8: DATOS DE CONTACTO DPD (38.1-D) | J8: FINALIDADES DEL TRATAMIENTO (38.2) | K8: DESTINATARIOS (38.3) | N8: DESCRIPCIÓN DEL TRATAMIENTO (R-005-2026, 15.1) | O8: TIPOS DE CATEGORÍA ESPECIAL | P8: TIPOS DE CATEGORÍA COMÚN | Q8: TITULARES DE DATOS PERSONALES DE QUIENES SE TRATA LA INFORMACIÓN (R-005-2026, 15.3) | R8: FRECUENCIA DEL TRATAMIENTO (R-005-2026, 15.4) | S8: PERMANENCIA DEL TRATAMIENTO (R-005-2026, 15.5) | T8: JURIDICAS (RGLOPDP, 38.9-A) | U8: ORGANIZATIVAS (RGLOPDP, 38.9-B) | V8: ADMINISTRATIVAS (RGLOPDP, 38.9-C) | W8: TÉCNICAS (RGLOPDP, 38.9-D) | X8: FÍSICAS (RGLOPDP, 38.9-E)
B9: DEPARTAMENTO ADMINISTRATIVO | C9: POR SG BASADO EN INTERACCIÓN DE PROCESOS: 3. Emision de la factura | D9: FACTURACIÓN | F9: TRAUMA ORTOPEDICS MED TECH QUALIMED | G9: Av Colón E4-412 y Juan León Mera, Ed. Arista, piso 7 telléfono: 2 554 297 info@traumaortopedics.com Av. 12 de Octubre N24-739 y Av. Colón, Torre Boreal, piso 8, 803 medtech.ec@gmail.com (02) 475 5444 Av. La coruña, E25-58 y San Ignacio,Ed. Altana Plaza, of. 311, poiso 3 teléfono (02) 2500196 | H9: Mary Frances Gabela info@qualimed.ec | I9: Av Colón E4-412 y Juan León Mera, Ed. Arista, piso 7 telléfono: 2 554 297 info@traumaortopedics.com Av. 12 de Octubre N24-739 y Av. Colón, Torre Boreal, piso 8, 803 medtech.ec@gmail.com (02) 475 5444 Av. La coruña, E25-58 y San Ignacio,Ed. Altana Plaza, of. 311, poiso 3 teléfono (02) 2500196 | J9: Cumplir con el régimen tributario, y cierre de contrato | K9: Farcturador electrónico Contifico y OFFICE 365 (unificar el gestor informático) | N9: TAREA: POR FAVOR COMPLETAR LA DESCRIPCIÓN DEL TRATAMIENTO | O9: =+G11 -> BASICOS DE IDENTIFICACIÓN | P9: Nombre y Apellido Cédula de Identidad No telefónico Dirección Correo electrónico | Q9: =+F11 -> Titular externo | R9: TRATAMIENTO PUNTUAL | S9: OCASIONAL | T9: =+G14 -> PANSI | U9: =+H14 -> PANSI | V9: =+I14 -> PANSI | W9: =+J14 -> PANSI | X9: =+K14 -> PANSI
F10: TITULARES (38.4-A) (EMPLEADOS, NIÑOS, ADOLESCENTES, DIFUNTOS, RESPONSABLES, VISITANTES, OTROS) | G10: CATEGORIA DE LOS DATOS (38.4-B) ESPECIALES, COMUNES, MIXTOS | H10: USO DE PERFILES (38.5) | I10: TTRANSFERENCIA INTERNACIONAL DE DATOS (38.6) | J10: BASES LEGITIMADORAS DEL TRATAMIENTO (38.7) | K10: PLAZOS DE RETENCION PARA LA SUPRESION (38.8-A)
F11: Titular externo | G11: BASICOS DE IDENTIFICACIÓN | H11: No existe | I11: Contifico (Proveedor de Colombia) Validar resolución 004-2026 título IV Capítulo 1 Régimen Especial INTRA-CAN para la Comunidad Andina | J11: Art. 7.2 Cumplimiento régimen tributario y 7.5 cumpliminto contractual | K11: Se conservará de acuerdo a Art. 41 del Reglamento de Comprobantes establecido bajo el CÓDIGO TRIBUTARIO que establece el plazo mínimo de 7 años | N11: TRATAMIETOS QUE OBLIGAN LA EIPD (GRAN ESCALA) (SI NO ELIJA NINGUNO) (R-005-2026, Art. 14) | O11: NÚMERO DE TITULARES (R-005-2026, 7.1) | P11: VOLUMEN DE DATOS PERSONALES (R-005-2026, 7.2) | Q11: CATEGORÍAS DE DATOS PERSONALES (R-005-2026, 7.3) | R11: FRECUENCIA DEL TRATAMIENTO DATOS PERSONALES (R-005-2026, 7.4) | S11: PERMANENCIA DEL TRATAMIENTO DE DATOS PERSONALES (R-005-2026, 7.5) | T11: ALCANCE GEOGRÁFICO DEL TRATAMIENTO (R-005-2026, 7.6) | U11: MTGE (R-005-2026, Art. 7) | V11: EIPD (R-005-2026, 12.1) | W11: DPD (R-005-2026, 12.2) | X11: REFORZAR PANSI (R-005-2026, 12.4)
C12: POR SG BASADO EN ESTACIÓN DE TRABAJO AUTOGESTIONADA: 2.- Puesto 1 | G12: BREVE DESCRIPCION DE LAS MEDIDAS TECNICAS JURIDICAS ADMINISTRATIVAS ORGANIZATIVAS Y FISICAS PARA PROTEGER LOS DATOS | N12: NINGUNO | O12: DE 0 A 1.000 | P12: HASTA 10 TIPOS DE DATOS POR TITULAR | Q12: BÁSICOS | R12: TRATAMIENTO PUNTUAL | S12: OCASIONAL | T12: NACIONAL | U12: =VLOOKUP(O12,'CRITERIOS MTGE'!$B$7:$C$10,2,FALSE)+VLOOKUP(P12,'CRITERIOS MTGE'!$E$7:$F$10,2,FALSE)+VLOOKUP(Q12,'CRITERIOS MTGE'!$H$7:$I$9,2,FALSE)+VLOOKUP(R12,'CRITERIOS MTGE'!$K$7:$L$9,2,FALSE)+VLOOKUP(S12,'CRITERIOS MTGE'!$N$7:$O$9,2,FALSE)+VLOOKUP(T12,'CRITERIOS MTGE'!$Q$7:$R$9,2,FALSE) -> 5 | V12: =IF($U$12>=6,"OBLIGADO","NO OBLIGADO") -> NO OBLIGADO | W12: =IF($U$12>=6,"OBLIGADO","NO OBLIGADO") -> NO OBLIGADO | X12: =IF($U$12>=6,"OBLIGADO","NO OBLIGADO") -> NO OBLIGADO
F13: EL TRATAMIENTO SE REALIZA CON IA | G13: JURIDICAS (38.9-A) | H13: ORGANIZATIVAS (38.9-B) | I13: ADMINISTRATIVAS (38.9-C) | J13: TÉCNICAS (38.9-D) | K13: FÍSICAS (38.9-E)
F14: NO | G14: PANSI | H14: PANSI | I14: PANSI | J14: PANSI | K14: PANSI
